{"train_losses": [610.6501278877258, 396.0177137851715, 313.15543776750565, 266.27908566594124, 238.45563885569572, 222.7000234425068, 212.47363618016243, 202.15163451433182, 195.44955745339394, 193.5725023895502, 188.58882281184196, 184.1517549753189, 179.3780956864357, 175.86994165182114, 172.7613132596016, 169.55292558670044, 166.5411118119955, 164.2348736077547, 160.79144474864006, 158.8659952878952, 157.19491545856, 154.77050146460533, 152.67367044091225, 153.2548710256815, 151.51408571004868, 149.6548808068037, 148.1045237183571, 146.45066311955452, 144.25015695393085, 145.06401352584362, 142.21629393100739, 144.39647372066975, 143.3594809025526, 142.1340979486704, 140.4288530945778, 140.5770507901907, 139.37039762735367, 139.28469723463058, 137.1447319984436, 139.30881825089455, 136.86913089454174, 135.1646080762148, 136.89477610588074, 137.20382855832577, 134.08022214472294, 135.25836576521397, 132.66046778857708, 132.4751739501953, 136.24715808033943, 130.77695938944817, 134.1913983374834, 132.73959593474865, 131.41584956645966, 132.26373393833637, 131.09607827663422, 129.85860496759415, 129.0186080634594, 129.6877820044756, 131.11234560608864, 129.86108134686947, 130.57482907176018, 130.1270718127489], "test_losses": [104.50668668746948, 98.95184242725372, 68.89373934268951, 69.0109612941742, 87.94223654270172, 60.26575803756714, 49.48011761903763, 61.31537389755249, 48.859725534915924, 69.16870433092117, 58.248389422893524, 61.023199409246445, 43.93594005703926, 51.171376675367355, 59.46760821342468, 39.33125698566437, 53.90598791837692, 37.53642526268959, 50.931504130363464, 52.13428032398224, 47.06043902039528, 49.81132036447525, 52.87488633394241, 44.30572921037674, 47.74386593699455, 41.18382206559181, 51.61181923747063, 52.466656774282455, 45.03553479909897, 44.87786240875721, 40.68721389770508, 44.16101938486099, 43.19426888227463, 47.43494126200676, 49.92072468996048, 50.220702320337296, 33.74361199140549, 46.20608991384506, 41.363347217440605, 57.31159994006157, 40.23637521266937, 55.11929792165756, 40.45709055662155, 36.75860106945038, 44.963989555835724, 39.138287395238876, 43.81813257932663, 44.82711625099182, 38.237953931093216, 48.742599695920944, 41.44538488984108, 36.520359709858894, 34.20083877444267, 45.50970858335495, 40.999571323394775, 45.02203789353371, 49.03268736600876, 39.44838759303093, 40.14599320292473, 56.65871042013168, 41.33221513032913, 49.88293582201004], "train_acc": [42.33, 63.498, 71.978, 76.316, 79.16, 80.394, 81.19, 82.272, 82.896, 83.122, 83.426, 83.782, 84.166, 84.72, 84.874, 85.196, 85.376, 85.558, 85.762, 85.994, 86.226, 86.342, 86.728, 86.532, 86.672, 86.854, 87.056, 87.018, 87.372, 87.254, 87.506, 87.334, 87.488, 87.342, 87.742, 87.78, 87.71, 87.95, 87.972, 87.85, 88.036, 88.154, 87.892, 88.008, 88.186, 88.05, 88.504, 88.428, 88.004, 88.618, 88.206, 88.332, 88.49, 88.478, 88.532, 88.602, 88.732, 88.738, 88.49, 88.622, 88.462, 88.688], "test_acc": [52.88, 57.48, 69.82, 71.66, 69.28, 74.9, 78.91, 73.4, 78.76, 73.14, 75.41, 75.38, 81.1, 77.7, 75.93, 82.92, 78.77, 82.94, 79.21, 78.33, 79.86, 79.41, 77.95, 80.86, 80.06, 82.72, 78.86, 78.71, 80.97, 81.04, 83.69, 80.81, 82.22, 79.95, 79.53, 79.89, 85.87, 80.91, 82.57, 78.17, 83.76, 77.04, 83.59, 84.71, 81.21, 83.46, 82.13, 82.19, 83.69, 79.75, 83.1, 84.79, 85.61, 80.74, 83.13, 81.87, 79.96, 84.18, 83.26, 77.22, 82.84, 80.0]}